{
    "est_eui": 6.200000000000003,
    "est_eui_min": 33.089999999999996,
    "est_eui_g": 33.714000000000006,
    "est_eui_m": 41.73,
    "est_eui_max": 73.07000000000001,
    "est_cei": 3.0690000000000013,
    "est_score": 100,
    "est_score_level": "1+"
}