{
    "est_eui": 92.175153007743,
    "est_eui_min": 81.29358490566038,
    "est_eui_g": 91.51728301886793,
    "est_eui_m": 111.31,
    "est_eui_max": 153.30075471698112,
    "est_score": 49.46760033808915,
    "est_score_level": "5"
}