{
    "est_eui": 244.81848362637353,
    "est_eui_min": 81.29358490566038,
    "est_eui_g": 91.51728301886793,
    "est_eui_m": 111.31,
    "est_eui_max": 153.30075471698112,
    "est_cei": 121.18514939505489,
    "est_score": 0,
    "est_score_level": "7"
}