{
    "est_eui": 102.76478318260003,
    "est_eui_min": 81.29358490566038,
    "est_eui_g": 91.51728301886793,
    "est_eui_m": 111.31,
    "est_eui_max": 153.30075471698112,
    "est_score": 40.89764636512358,
    "est_score_level": "5"
}