{
    "est_eui": 251.20218173958122,
    "est_eui_min": 81.29358490566038,
    "est_eui_g": 91.51728301886793,
    "est_eui_m": 111.31,
    "est_eui_max": 153.30075471698112,
    "est_cei": 124.34507996109271,
    "est_score": 0,
    "est_score_level": "7"
}