{
    "est_eui": 277.82010626788303,
    "est_eui_n": null,
    "est_eui_min": 81.29358490566038,
    "est_eui_g": 91.51728301886793,
    "est_eui_m": 111.31,
    "est_eui_max": 153.30075471698112,
    "est_cei": 141.41043409035245,
    "est_score": 0,
    "est_score_level": "7"
}