{
    "est_eui": 39.85187794299812,
    "est_eui_n": 41.6640381128944,
    "est_eui_min": null,
    "est_eui_g": 53.56804900229282,
    "est_eui_m": 59.52005444699201,
    "est_eui_max": 83.1862507563066,
    "est_cei": 20.284605872986045,
    "est_score": 96.08924231247192,
    "est_score_level": "1+"
}