{
    "est_eui": 30.49632012431954,
    "est_eui_min": 80.19589791744677,
    "est_eui_g": 94.73525246421062,
    "est_eui_m": 115.78702197770545,
    "est_eui_max": 166.04298574185557,
    "est_cei": 15.522626943278645,
    "est_score": 100,
    "est_score_level": "1+"
}